tmp,nontmp,real_label,predict_label,predict
Q47413,P33018,0,0,0.44696963
P0ABV2,P0A6N4,1,0,0.43678564
P77173,P27127,0,0,0.42016485
P0AFA5,P28630,0,0,0.37821543
P0ADM0,P0A7Z4,0,0,0.31719142
P02918,P0A7R9,1,0,0.28347933
P77747,P10026,0,0,0.27719057
P0ABJ3,P0A6F9,1,0,0.09910023
P39385,P0ADZ0,1,0,0.06556302
P77400,P33570,1,0,0.013892263
